X,Y,Id,icon_url
-6.12013343249987,4.99922639743784,"0",./0.png
-4.99513347749991,5.14089305843783,"0",./0.png
-3.70346686249985,5.20755972243774,"0",./0.png
